{"cameraMode":{"drawMode":0,"name":"Shaded","section":"Shading Mode"},"sceneLighting":false,"audioPlay":false,"sceneViewState":{"showFog":true,"showMaterialUpdate":false,"showSkybox":false,"showFlares":true,"showImageEffects":true,"showParticleSystems":true},"in2DMode":false,"pivot":{"x":12.71773910522461,"y":-0.17652511596679688,"z":-3.3247623443603517},"rotation":{"x":-0.005828875117003918,"y":0.9847862124443054,"z":-0.17037342488765717,"w":-0.03369199112057686},"size":16.41546058654785,"orthographic":false}